id,sequence,match_chrm,match_position,match_strand,match_distance,specificity
0,GACCGTCTTAGTCTCTGTATAGG,CP000712.1,3295390,+,0,1.000000
1,GACTGCTTGAATCCTCCAAATGG,CP000712.1,3295451,+,0,1.000000
2,AATCCTCCAAATGGTGCAGCTGG,CP000712.1,3295460,+,0,1.000000
3,ACACCGAACCCGCCTGCAAGCGG,CP000712.1,3295509,+,0,1.000000
4,CCTGCAAGCGGTGCGCGACCCGG,CP000712.1,3295521,+,0,1.000000
5,GCAAGCGGTGCGCGACCCGGTGG,CP000712.1,3295524,+,0,1.000000
7,GATGTCCCGCGTCCAAATATTGG,CP000712.1,3295555,+,0,1.000000
6,CAAGCGGTGCGCGACCCGGTGGG,CP000712.1,3295525,+,0,1.000000
9,CAAGCCATAAGCTGTGTCGTTGG,CP000712.1,3295582,+,0,1.000000
8,GTCCCGCGTCCAAATATTGGCGG,CP000712.1,3295558,+,0,1.000000
11,GTTGGCCATCCGGATCGCCTCGG,CP000712.1,3295600,+,0,1.000000
10,AAGCTGTGTCGTTGGCCATCCGG,CP000712.1,3295590,+,0,1.000000
13,AATCGGATGACACTGACTACAGG,CP000712.1,3295634,+,0,1.000000
12,CCTCGGCTTCATCTTTAAATCGG,CP000712.1,3295617,+,0,1.000000
15,CTTGAGCGATCCGCATTGATGGG,CP000712.1,3295671,+,0,1.000000
14,TCTTGAGCGATCCGCATTGATGG,CP000712.1,3295670,+,0,1.000000
17,CCGCATTGATGGGGCTGCGTCGG,CP000712.1,3295681,+,0,1.000000
16,TTGAGCGATCCGCATTGATGGGG,CP000712.1,3295672,+,0,1.000000
19,GCTGCGTCGGCAAAAACAGTGGG,CP000712.1,3295694,+,0,1.000000
18,GGCTGCGTCGGCAAAAACAGTGG,CP000712.1,3295693,+,0,1.000000
21,CGGCAAAAACAGTGGGCTGGAGG,CP000712.1,3295701,+,0,1.000000
20,CGTCGGCAAAAACAGTGGGCTGG,CP000712.1,3295698,+,0,1.000000
23,AACGGCCCCAACAGAGTGTCCGG,CP000712.1,3295832,+,0,1.000000
22,TGCTGTTTGCGAGACACCAACGG,CP000712.1,3295814,+,0,1.000000
25,CTTGGTCATACACGCTGTCCTGG,CP000712.1,3295911,+,0,1.000000
24,CCGCCACAGCTTCGACCACTTGG,CP000712.1,3295893,+,0,1.000000
26,GTCCTGGACGAACAGCCGACTGG,CP000712.1,3295927,+,0,1.000000
27,CTGGACGAACAGCCGACTGGCGG,CP000712.1,3295930,+,0,1.000000
28,GTGCAGCCCCCAGACCGACTTGG,CP000712.1,3295989,+,0,1.000000
29,GACTTGGTCCAGATCCGCGTCGG,CP000712.1,3296005,+,0,1.000000
30,GCGTCGGCAAATACGATGCTCGG,CP000712.1,3296021,+,0,0.852459
30,GCGTCGGCAAATACGATGCTCGG,CP000712.1,5833629,+,3,0.852459
31,GCGATTTGCCGCCAAGCTCAAGG,CP000712.1,3296043,+,0,0.977778
31,GCGATTTGCCGCCAAGCTCAAGG,CP000712.1,2624710,+,3,0.977778
33,AACTACTGTCGAGCCTGTGAAGG,CP000712.1,3296113,+,0,1.000000
32,CGATTTGCCGCCAAGCTCAAGGG,CP000712.1,3296044,+,0,0.986775
32,CGATTTGCCGCCAAGCTCAAGGG,CP000712.1,2624711,+,3,0.986775
35,ACGATGTTGAGCGCGCCTTCTGG,CP000712.1,3296198,+,0,1.000000
34,AAGGTGATCTTGTCGACCCCCGG,CP000712.1,3296132,+,0,1.000000
37,CAAGGCACAGCTCTGCAAGCCGG,CP000712.1,3296232,+,0,1.000000
36,CTTCTGGCAGCCCCGCCTCAAGG,CP000712.1,3296214,+,0,1.000000
39,GCTCAGAGGCGTGAGTTCTGTGG,CP000712.1,3296260,+,0,1.000000
38,GCAAGCCGGAGAGTGCTCAGAGG,CP000712.1,3296246,+,0,1.000000
41,TTCTGTGGGCTTCAGCACCATGG,CP000712.1,3296275,+,0,1.000000
40,CTCAGAGGCGTGAGTTCTGTGGG,CP000712.1,3296261,+,0,1.000000
43,TTCCACGAGCCCAGCGCAAGCGG,CP000712.1,3296327,+,0,1.000000
42,CTTCAGCACCATGGTGCAGCCGG,CP000712.1,3296284,+,0,0.678571
42,CTTCAGCACCATGGTGCAGCCGG,CP000712.1,2624951,+,2,0.678571
45,AGCGCAAGCGGGTAGTTCCAAGG,CP000712.1,3296339,+,0,1.000000
44,TCCACGAGCCCAGCGCAAGCGGG,CP000712.1,3296328,+,0,1.000000
46,CGGGTAGTTCCAAGGCGTAATGG,CP000712.1,3296347,+,0,0.967273
46,CGGGTAGTTCCAAGGCGTAATGG,CP000712.1,4744379,-,3,0.967273
47,ATGGCACCAACTACACCAATCGG,CP000712.1,3296366,+,0,1.000000
48,CTACACCAATCGGCTCACGTCGG,CP000712.1,3296376,+,0,1.000000
49,TACACCAATCGGCTCACGTCGGG,CP000712.1,3296377,+,0,1.000000
50,AATCGGCTCACGTCGGGTATAGG,CP000712.1,3296383,+,0,1.000000
51,GCTCACGTCGGGTATAGGTGTGG,CP000712.1,3296388,+,0,1.000000
52,TCACGCCCATCGAATGAAATTGG,CP000712.1,3296414,+,0,1.000000
54,GCCCATCGAATGAAATTGGAGGG,CP000712.1,3296418,+,0,1.000000
53,CGCCCATCGAATGAAATTGGAGG,CP000712.1,3296417,+,0,1.000000
55,CCCATCGAATGAAATTGGAGGGG,CP000712.1,3296419,+,0,1.000000
56,AGGGGTCGTCCCTCCAAGTTTGG,CP000712.1,3296437,+,0,1.000000
57,AACACCAACCACCCATATAGCGG,CP000712.1,3296460,+,0,1.000000
58,CGGAAGACGTCGATTGTCGAAGG,CP000712.1,3296480,+,0,1.000000
59,AGACGTCGATTGTCGAAGGCAGG,CP000712.1,3296484,+,0,1.000000
60,GATTGTCGAAGGCAGGTCGATGG,CP000712.1,3296491,+,0,1.000000
60,GATTGTCGAAGGCAGGTCGATGG,CP000712.1,3764029,+,3,1.000000
61,CGAAGGCAGGTCGATGGCCTTGG,CP000712.1,3296497,+,0,1.000000
62,GATGGCCTTGGCGAACGTCAAGG,CP000712.1,3296509,+,0,1.000000
63,GGCGAACGTCAAGGCCTTGCCGG,CP000712.1,3296518,+,0,1.000000
64,TCTTGCGTGCGACGTTCTCCAGG,CP000712.1,3296586,+,0,1.000000
65,AGGATCCGACCACGATCGATCGG,CP000712.1,3296606,+,0,1.000000
66,GATCGGACGAATTTTCCGCCAGG,CP000712.1,3296623,+,0,1.000000
67,GGACGAATTTTCCGCCAGGCTGG,CP000712.1,3296627,+,0,1.000000
69,ATATCTTCGTGTCGGCCCTGCGG,CP000712.1,3296690,+,0,1.000000
68,CTTCGTCGATATCTTCGTGTCGG,CP000712.1,3296682,+,0,0.813954
68,CTTCGTCGATATCTTCGTGTCGG,CP000712.1,4931940,-,3,0.813954
71,GTGTCGGCCCTGCGGAATATGGG,CP000712.1,3296698,+,0,1.000000
70,CGTGTCGGCCCTGCGGAATATGG,CP000712.1,3296697,+,0,1.000000
73,GGCGATGATTTCCTCGGTAGCGG,CP000712.1,3296719,+,0,1.000000
75,AGCGGGATTTTCGACAGTAATGG,CP000712.1,3296737,+,0,1.000000
72,AATATGGGCGATGATTTCCTCGG,CP000712.1,3296713,+,0,1.000000
77,CGCCGATAAGATTACGATTGCGG,CP000712.1,3296790,+,0,1.000000
79,TTACGATTGCGGAACCCGGCCGG,CP000712.1,3296801,+,0,1.000000
74,GCGATGATTTCCTCGGTAGCGGG,CP000712.1,3296720,+,0,1.000000
81,CTCGAAATTCAATGTGGATCCGG,CP000712.1,3296820,-,0,1.000000
76,TTCGACAGTAATGGTCTCGCCGG,CP000712.1,3296746,+,0,1.000000
78,AAGATTACGATTGCGGAACCCGG,CP000712.1,3296797,+,0,0.785714
78,AAGATTACGATTGCGGAACCCGG,CP000712.1,631251,-,3,0.785714
83,AATTCAATGTGGATCCGGCCGGG,CP000712.1,3296815,-,0,1.000000
80,CGCTAGCTCGAAATTCAATGTGG,CP000712.1,3296826,-,0,1.000000
82,AAATTCAATGTGGATCCGGCCGG,CP000712.1,3296816,-,0,1.000000
84,TTCCGCAATCGTAATCTTATCGG,CP000712.1,3296792,-,0,1.000000
85,CGCAATCGTAATCTTATCGGCGG,CP000712.1,3296789,-,0,1.000000
86,GCAATCGTAATCTTATCGGCGGG,CP000712.1,3296788,-,0,1.000000
87,GTAATCTTATCGGCGGGCAGTGG,CP000712.1,3296782,-,0,1.000000
88,TCTTATCGGCGGGCAGTGGAAGG,CP000712.1,3296778,-,0,1.000000
89,CTTATCGGCGGGCAGTGGAAGGG,CP000712.1,3296777,-,0,1.000000
90,CAGTGGAAGGGCTCGATTTCCGG,CP000712.1,3296765,-,0,1.000000
91,TGTCGAAAATCCCGCTACCGAGG,CP000712.1,3296730,-,0,1.000000
92,AATCATCGCCCATATTCCGCAGG,CP000712.1,3296706,-,0,1.000000
94,ACACGAAGATATCGACGAAGCGG,CP000712.1,3296679,-,0,1.000000
93,ATCATCGCCCATATTCCGCAGGG,CP000712.1,3296705,-,0,1.000000
95,AAGATATCGACGAAGCGGTACGG,CP000712.1,3296674,-,0,1.000000
97,CTACATTCGAGTCGCCAGCCTGG,CP000712.1,3296641,-,0,1.000000
96,AGATATCGACGAAGCGGTACGGG,CP000712.1,3296673,-,0,1.000000
99,AAAATTCGTCCGATCGATCGTGG,CP000712.1,3296615,-,0,1.000000
98,CATTCGAGTCGCCAGCCTGGCGG,CP000712.1,3296638,-,0,1.000000
101,GATCGATCGTGGTCGGATCCTGG,CP000712.1,3296604,-,0,1.000000
100,TTCGTCCGATCGATCGTGGTCGG,CP000712.1,3296611,-,0,1.000000
102,TGAAGAGCATGCTGACGAATTGG,CP000712.1,3296562,-,0,1.000000
103,TGCTGACGAATTGGCGTATCTGG,CP000712.1,3296553,-,0,1.000000
104,ATTGGCGTATCTGGAGTCACTGG,CP000712.1,3296544,-,0,1.000000
106,GGAGTCACTGGATACCGGCAAGG,CP000712.1,3296532,-,0,1.000000
105,TATCTGGAGTCACTGGATACCGG,CP000712.1,3296537,-,0,1.000000
108,AATCGACGTCTTCCGCTATATGG,CP000712.1,3296472,-,0,1.000000
107,CAAGGCCTTGACGTTCGCCAAGG,CP000712.1,3296514,-,0,1.000000
109,ATCGACGTCTTCCGCTATATGGG,CP000712.1,3296471,-,0,1.000000
111,TCTTCCGCTATATGGGTGGTTGG,CP000712.1,3296464,-,0,1.000000
113,GGTTGGTGTTCCAAACTTGGAGG,CP000712.1,3296447,-,0,1.000000
110,GACGTCTTCCGCTATATGGGTGG,CP000712.1,3296468,-,0,1.000000
115,ACCCCTCCAATTTCATTCGATGG,CP000712.1,3296420,-,0,1.000000
112,GGTGGTTGGTGTTCCAAACTTGG,CP000712.1,3296450,-,0,1.000000
117,TATACCCGACGTGAGCCGATTGG,CP000712.1,3296381,-,0,1.000000
119,TAGTTGGTGCCATTACGCCTTGG,CP000712.1,3296356,-,0,1.000000
114,GTTGGTGTTCCAAACTTGGAGGG,CP000712.1,3296446,-,0,1.000000
116,CCCCTCCAATTTCATTCGATGGG,CP000712.1,3296419,-,0,1.000000
121,TGGAACTACCCGCTTGCGCTGGG,CP000712.1,3296336,-,0,1.000000
123,GGGCTCGTGGAAGATCGCTTCGG,CP000712.1,3296316,-,0,1.000000
118,CGTGAGCCGATTGGTGTAGTTGG,CP000712.1,3296372,-,0,1.000000
125,ATCGCTTCGGCGCTGGCTGCCGG,CP000712.1,3296303,-,0,0.588849
125,ATCGCTTCGGCGCTGGCTGCCGG,CP000712.1,3527068,+,2,0.588849
125,ATCGCTTCGGCGCTGGCTGCCGG,CP000712.1,4744423,+,3,0.588849
120,TTGGAACTACCCGCTTGCGCTGG,CP000712.1,3296337,-,0,1.000000
127,TCACGCCTCTGAGCACTCTCCGG,CP000712.1,3296251,-,0,1.000000
122,ACCCGCTTGCGCTGGGCTCGTGG,CP000712.1,3296329,-,0,1.000000
129,TGCAGAGCTGTGCCTTGAGGCGG,CP000712.1,3296226,-,0,1.000000
124,GTGGAAGATCGCTTCGGCGCTGG,CP000712.1,3296310,-,0,1.000000
126,GCTGGCTGCCGGCTGCACCATGG,CP000712.1,3296292,-,0,0.683908
126,GCTGGCTGCCGGCTGCACCATGG,CP000712.1,266918,+,3,0.683908
131,CAGAGCTGTGCCTTGAGGCGGGG,CP000712.1,3296224,-,0,1.000000
128,GCTTGCAGAGCTGTGCCTTGAGG,CP000712.1,3296229,-,0,1.000000
128,GCTTGCAGAGCTGTGCCTTGAGG,CP000712.1,4590272,-,3,1.000000
133,GGCGCGCTCAACATCGTCAATGG,CP000712.1,3296192,-,0,1.000000
130,GCAGAGCTGTGCCTTGAGGCGGG,CP000712.1,3296225,-,0,1.000000
135,TCAACATCGTCAATGGTCATGGG,CP000712.1,3296185,-,0,1.000000
137,AATGGTCATGGGCACGAAGCGGG,CP000712.1,3296174,-,0,1.000000
132,CTTGAGGCGGGGCTGCCAGAAGG,CP000712.1,3296213,-,0,1.000000
139,CGAAGCGTTGGCGCGTCATCCGG,CP000712.1,3296151,-,0,1.000000
141,AAGCGTTGGCGCGTCATCCGGGG,CP000712.1,3296149,-,0,1.000000
134,CTCAACATCGTCAATGGTCATGG,CP000712.1,3296186,-,0,1.000000
143,GTCGACAAGATCACCTTCACAGG,CP000712.1,3296126,-,0,1.000000
136,CAATGGTCATGGGCACGAAGCGG,CP000712.1,3296175,-,0,1.000000
145,GAAGATTGTCGAGTACGCGCTGG,CP000712.1,3296085,-,0,1.000000
147,AAGCGTGTCACCCTTGAGCTTGG,CP000712.1,3296054,-,0,1.000000
138,GCACGAAGCGGGCGAAGCGTTGG,CP000712.1,3296163,-,0,1.000000
149,GAGCATCGTATTTGCCGACGCGG,CP000712.1,3296019,-,0,1.000000
140,GAAGCGTTGGCGCGTCATCCGGG,CP000712.1,3296150,-,0,1.000000
151,GACGCGGATCTGGACCAAGTCGG,CP000712.1,3296003,-,0,0.989420
151,GACGCGGATCTGGACCAAGTCGG,CP000712.1,3250052,+,3,0.989420
142,AGCGTTGGCGCGTCATCCGGGGG,CP000712.1,3296148,-,0,1.000000
153,GATCTGGACCAAGTCGGTCTGGG,CP000712.1,3295997,-,0,1.000000
144,TTCACAGGCTCGACAGTAGTTGG,CP000712.1,3296111,-,0,1.000000
155,TCTGGACCAAGTCGGTCTGGGGG,CP000712.1,3295995,-,0,1.000000
146,AAGATTGTCGAGTACGCGCTGGG,CP000712.1,3296084,-,0,1.000000
157,CTCGCAGTCTTCTTCAACTCGGG,CP000712.1,3295967,-,0,1.000000
148,CGTGTCACCCTTGAGCTTGGCGG,CP000712.1,3296051,-,0,1.000000
159,CGCCAGTCGGCTGTTCGTCCAGG,CP000712.1,3295929,-,0,1.000000
150,CGTATTTGCCGACGCGGATCTGG,CP000712.1,3296013,-,0,0.690608
150,CGTATTTGCCGACGCGGATCTGG,CP000712.1,794608,-,2,0.690608
161,TGACCAAGTGGTCGAAGCTGTGG,CP000712.1,3295896,-,0,1.000000
152,GGATCTGGACCAAGTCGGTCTGG,CP000712.1,3295998,-,0,1.000000
154,ATCTGGACCAAGTCGGTCTGGGG,CP000712.1,3295996,-,0,1.000000
163,AGTGGTCGAAGCTGTGGCGGCGG,CP000712.1,3295890,-,0,1.000000
156,ACTCGCAGTCTTCTTCAACTCGG,CP000712.1,3295968,-,0,1.000000
165,CGAAGCTGTGGCGGCGGCGGCGG,CP000712.1,3295884,-,0,0.592593
165,CGAAGCTGTGGCGGCGGCGGCGG,CP000712.1,5275035,-,2,0.592593
158,AGATCTGTTTCGCCGCCAGTCGG,CP000712.1,3295942,-,0,1.000000
167,GCGGCGGCACAGTTCAAGGTCGG,CP000712.1,3295868,-,0,1.000000
160,GGACAGCGTGTATGACCAAGTGG,CP000712.1,3295908,-,0,1.000000
169,GTTCAAGGTCGGCAATGGCTTGG,CP000712.1,3295857,-,0,1.000000
162,CCAAGTGGTCGAAGCTGTGGCGG,CP000712.1,3295893,-,0,1.000000
171,CTTGGATCCGGACACTCTGTTGG,CP000712.1,3295839,-,0,1.000000
164,GGTCGAAGCTGTGGCGGCGGCGG,CP000712.1,3295887,-,0,0.845411
164,GGTCGAAGCTGTGGCGGCGGCGG,CP000712.1,5275038,-,3,0.845411
173,TGGATCCGGACACTCTGTTGGGG,CP000712.1,3295837,-,0,1.000000
175,TGTCTCGCAAACAGCAAGAGCGG,CP000712.1,3295807,-,0,1.000000
177,CAAACAGCAAGAGCGGGTGATGG,CP000712.1,3295800,-,0,1.000000
166,GGCGGCGGCGGCACAGTTCAAGG,CP000712.1,3295872,-,0,1.000000
168,GCACAGTTCAAGGTCGGCAATGG,CP000712.1,3295862,-,0,1.000000
179,GTGATGGGCTATGTGCAGTCTGG,CP000712.1,3295784,-,0,1.000000
181,TGTGCAGTCTGGGATAGAGCAGG,CP000712.1,3295773,-,0,1.000000
170,GGTCGGCAATGGCTTGGATCCGG,CP000712.1,3295851,-,0,1.000000
183,CTGGGATAGAGCAGGGCGCAAGG,CP000712.1,3295765,-,0,1.000000
172,TTGGATCCGGACACTCTGTTGGG,CP000712.1,3295838,-,0,1.000000
185,CAGGGCGCAAGGCTGGTCTGTGG,CP000712.1,3295754,-,0,1.000000
174,GGACACTCTGTTGGGGCCGTTGG,CP000712.1,3295830,-,0,1.000000
187,GCGCAAGGCTGGTCTGTGGCGGG,CP000712.1,3295750,-,0,1.000000
176,GTCTCGCAAACAGCAAGAGCGGG,CP000712.1,3295806,-,0,1.000000
189,GGGAAGTCAGTCGGAGAGAAAGG,CP000712.1,3295730,-,0,1.000000
178,AAACAGCAAGAGCGGGTGATGGG,CP000712.1,3295799,-,0,1.000000
191,ATCGCTCAAGAAGAGATTTTCGG,CP000712.1,3295658,-,0,1.000000
180,TGATGGGCTATGTGCAGTCTGGG,CP000712.1,3295783,-,0,1.000000
193,CCGATTTAAAGATGAAGCCGAGG,CP000712.1,3295617,-,0,1.000000
182,GTGCAGTCTGGGATAGAGCAGGG,CP000712.1,3295772,-,0,1.000000
195,TGAAGCCGAGGCGATCCGGATGG,CP000712.1,3295605,-,0,1.000000
184,GATAGAGCAGGGCGCAAGGCTGG,CP000712.1,3295761,-,0,1.000000
197,CAACGACACAGCTTATGGCTTGG,CP000712.1,3295581,-,0,1.000000
199,TGGCCGCCAATATTTGGACGCGG,CP000712.1,3295561,-,0,1.000000
186,GGCGCAAGGCTGGTCTGTGGCGG,CP000712.1,3295751,-,0,1.000000
201,TTGGACGCGGGACATCAAGAAGG,CP000712.1,3295548,-,0,1.000000
188,GTCTGTGGCGGGAAGTCAGTCGG,CP000712.1,3295739,-,0,1.000000
203,GGACATCAAGAAGGCCCACCGGG,CP000712.1,3295539,-,0,1.000000
190,CCGACGCAGCCCCATCAATGCGG,CP000712.1,3295681,-,0,1.000000
205,GGTCGCGCACCGCTTGCAGGCGG,CP000712.1,3295518,-,0,1.000000
192,TCGCTCAAGAAGAGATTTTCGGG,CP000712.1,3295657,-,0,1.000000
194,AAGATGAAGCCGAGGCGATCCGG,CP000712.1,3295609,-,0,0.846373
194,AAGATGAAGCCGAGGCGATCCGG,CP000712.1,5029097,-,3,0.846373
207,GCACCGCTTGCAGGCGGGTTCGG,CP000712.1,3295512,-,0,1.000000
209,TCGGTGTGGATCAACTGTCACGG,CP000712.1,3295493,-,0,1.000000
196,ATGGCCAACGACACAGCTTATGG,CP000712.1,3295586,-,0,1.000000
211,GATCCAGCTGCACCATTTGGAGG,CP000712.1,3295463,-,0,1.000000
198,ATGGCTTGGCCGCCAATATTTGG,CP000712.1,3295567,-,0,1.000000
213,GAGGATTCAAGCAGTCAGGCTGG,CP000712.1,3295444,-,0,1.000000
200,GGCCGCCAATATTTGGACGCGGG,CP000712.1,3295560,-,0,1.000000
215,GGATTCAAGCAGTCAGGCTGGGG,CP000712.1,3295442,-,0,1.000000
202,GGGACATCAAGAAGGCCCACCGG,CP000712.1,3295540,-,0,1.000000
217,GCAGTCAGGCTGGGGGCGCGAGG,CP000712.1,3295434,-,0,1.000000
204,CCGGGTCGCGCACCGCTTGCAGG,CP000712.1,3295521,-,0,1.000000
219,CTGGGGGCGCGAGGTCTCGGAGG,CP000712.1,3295425,-,0,1.000000
206,GTCGCGCACCGCTTGCAGGCGGG,CP000712.1,3295517,-,0,0.869565
206,GTCGCGCACCGCTTGCAGGCGGG,CP000712.1,3922758,-,3,0.869565
221,GGCGCGAGGTCTCGGAGGAAGGG,CP000712.1,3295420,-,0,1.000000
208,GCTTGCAGGCGGGTTCGGTGTGG,CP000712.1,3295507,-,0,1.000000
210,ATCGATCCAGCTGCACCATTTGG,CP000712.1,3295466,-,0,1.000000
212,TTTGGAGGATTCAAGCAGTCAGG,CP000712.1,3295448,-,0,1.000000
214,AGGATTCAAGCAGTCAGGCTGGG,CP000712.1,3295443,-,0,1.000000
216,GATTCAAGCAGTCAGGCTGGGGG,CP000712.1,3295441,-,0,1.000000
218,AGGCTGGGGGCGCGAGGTCTCGG,CP000712.1,3295428,-,0,1.000000
220,GGGCGCGAGGTCTCGGAGGAAGG,CP000712.1,3295421,-,0,1.000000
222,TGCCTATACAGAGACTAAGACGG,CP000712.1,3295392,-,0,1.000000
